{ "frames": [
   {
    "filename": "hand_animations 0.aseprite",
    "frame": { "x": 0, "y": 0, "w": 48, "h": 64 },
    "rotated": false,
    "trimmed": false,
    "spriteSourceSize": { "x": 0, "y": 0, "w": 48, "h": 64 },
    "sourceSize": { "w": 48, "h": 64 },
    "duration": 100
   },
   {
    "filename": "hand_animations 1.aseprite",
    "frame": { "x": 48, "y": 0, "w": 48, "h": 64 },
    "rotated": false,
    "trimmed": false,
    "spriteSourceSize": { "x": 0, "y": 0, "w": 48, "h": 64 },
    "sourceSize": { "w": 48, "h": 64 },
    "duration": 100
   },
   {
    "filename": "hand_animations 2.aseprite",
    "frame": { "x": 96, "y": 0, "w": 48, "h": 64 },
    "rotated": false,
    "trimmed": false,
    "spriteSourceSize": { "x": 0, "y": 0, "w": 48, "h": 64 },
    "sourceSize": { "w": 48, "h": 64 },
    "duration": 100
   },
   {
    "filename": "hand_animations 3.aseprite",
    "frame": { "x": 144, "y": 0, "w": 48, "h": 64 },
    "rotated": false,
    "trimmed": false,
    "spriteSourceSize": { "x": 0, "y": 0, "w": 48, "h": 64 },
    "sourceSize": { "w": 48, "h": 64 },
    "duration": 100
   },
   {
    "filename": "hand_animations 4.aseprite",
    "frame": { "x": 192, "y": 0, "w": 48, "h": 64 },
    "rotated": false,
    "trimmed": false,
    "spriteSourceSize": { "x": 0, "y": 0, "w": 48, "h": 64 },
    "sourceSize": { "w": 48, "h": 64 },
    "duration": 100
   },
   {
    "filename": "hand_animations 5.aseprite",
    "frame": { "x": 240, "y": 0, "w": 48, "h": 64 },
    "rotated": false,
    "trimmed": false,
    "spriteSourceSize": { "x": 0, "y": 0, "w": 48, "h": 64 },
    "sourceSize": { "w": 48, "h": 64 },
    "duration": 100
   },
   {
    "filename": "hand_animations 6.aseprite",
    "frame": { "x": 288, "y": 0, "w": 48, "h": 64 },
    "rotated": false,
    "trimmed": false,
    "spriteSourceSize": { "x": 0, "y": 0, "w": 48, "h": 64 },
    "sourceSize": { "w": 48, "h": 64 },
    "duration": 100
   },
   {
    "filename": "hand_animations 7.aseprite",
    "frame": { "x": 336, "y": 0, "w": 48, "h": 64 },
    "rotated": false,
    "trimmed": false,
    "spriteSourceSize": { "x": 0, "y": 0, "w": 48, "h": 64 },
    "sourceSize": { "w": 48, "h": 64 },
    "duration": 100
   },
   {
    "filename": "hand_animations 8.aseprite",
    "frame": { "x": 384, "y": 0, "w": 48, "h": 64 },
    "rotated": false,
    "trimmed": false,
    "spriteSourceSize": { "x": 0, "y": 0, "w": 48, "h": 64 },
    "sourceSize": { "w": 48, "h": 64 },
    "duration": 100
   }
 ],
 "meta": {
  "app": "http://www.aseprite.org/",
  "version": "1.3.14.4-x64",
  "image": "hand_move.png",
  "format": "RGBA8888",
  "size": { "w": 432, "h": 64 },
  "scale": "1",
  "frameTags": [
    { "name": "idle", "from": 0, "to" : 3, "direction": "foward"},
    { "name": "run", "from": 4, "to" : 7, "direction": "foward"},
    { "name": "jump", "from": 8, "to" : 8, "direction": "foward"}
  ],
  "layers": [
   { "name": "hand_move", "opacity": 255, "blendMode": "normal" }
  ],
  "slices": [
  ]
 }
}
